-- Extra sellers
INSERT INTO users (id, phone, name, role, is_verified) VALUES
('u3', '+998901111111', 'Камола Юсупова', 'seller', true),
('u4', '+998902222222', 'Жамшид Каримов', 'seller', true),
('u5', '+998903333333', 'Малика Расулова', 'seller', true),
('u6', '+998904444444', 'Бекзод Турсунов', 'seller', true)
ON CONFLICT DO NOTHING;

INSERT INTO sellers (id, user_id, shop_name, description, plan, is_verified, avg_rating, follower_count) VALUES
('s2', 'u3', 'Kamola Beauty', 'Корейская косметика и уход', 'business', true, 4.9, 2340),
('s3', 'u4', 'TechZone UZ', 'Электроника и аксессуары', 'pro', true, 4.7, 1560),
('s4', 'u5', 'Sport Life', 'Спортивная одежда и инвентарь', 'start', true, 4.6, 890),
('s5', 'u6', 'Home Comfort', 'Товары для дома и интерьера', 'business', true, 4.8, 3200)
ON CONFLICT DO NOTHING;

-- 20 more products
INSERT INTO products (id, seller_id, category_id, title, description, price_tiyin, old_price_tiyin, stock, status, avg_rating, review_count, sale_count, view_count, is_boosted) VALUES
('p4',  's1', 'cat1', 'Блуза шёлковая белая', 'Натуральный шёлк, свободный крой', 3200000000, 4200000000, 15, 'active', 4.8, 89, 210, 1200, true),
('p5',  's1', 'cat1', 'Джинсы mom fit синие', 'Высокая талия, стрейч', 2100000000, NULL, 30, 'active', 4.9, 156, 340, 2100, false),
('p6',  's1', 'cat1', 'Юбка миди плиссе', 'Атласная ткань, длина midi', 1850000000, 2400000000, 20, 'active', 4.7, 67, 180, 980, false),
('p7',  's1', 'cat1', 'Пальто oversize бежевое', 'Кашемир 60%, шерсть 40%', 6800000000, 8500000000, 8, 'active', 4.9, 234, 95, 3400, true),
('p8',  's1', 'cat1', 'Кардиган вязаный розовый', 'Мягкая вязка, оверсайз', 2700000000, NULL, 25, 'active', 4.6, 45, 120, 760, false),
('p9',  's2', 'cat3', 'Сыворотка с витамином C', 'Осветляет, выравнивает тон', 1890000000, 2400000000, 50, 'active', 4.9, 312, 680, 4500, true),
('p10', 's2', 'cat3', 'Тональный крем SPF30', 'Лёгкое покрытие, натуральный финиш', 1250000000, NULL, 40, 'active', 4.7, 189, 420, 2800, false),
('p11', 's2', 'cat3', 'Палетка теней Nude', '12 оттенков, матовые и шиммер', 2400000000, 3200000000, 35, 'active', 4.8, 267, 510, 3600, true),
('p12', 's2', 'cat3', 'Маска для волос с кератином', 'Восстанавливает, блеск и гладкость', 980000000, NULL, 60, 'active', 4.6, 134, 290, 1900, false),
('p13', 's2', 'cat3', 'Парфюм Rose Musk 50ml', 'Нежный цветочно-мускусный аромат', 4500000000, 5500000000, 20, 'active', 4.9, 423, 190, 5200, true),
('p14', 's3', 'cat4', 'Наушники TWS Pro', 'ANC, 30ч автономность, IPX5', 3800000000, 4800000000, 25, 'active', 4.8, 198, 310, 4100, true),
('p15', 's3', 'cat4', 'Смарт-часы GT4', 'AMOLED, GPS, пульсоксиметр', 5200000000, NULL, 15, 'active', 4.7, 145, 180, 3200, false),
('p16', 's3', 'cat4', 'Повербанк 20000mAh', 'Быстрая зарядка 65W, тонкий', 1850000000, 2400000000, 40, 'active', 4.6, 289, 560, 2700, false),
('p17', 's3', 'cat4', 'Чехол iPhone 15 Pro магнит', 'MagSafe совместимый, карбон', 890000000, NULL, 100, 'active', 4.5, 89, 420, 1500, false),
('p18', 's4', 'cat6', 'Леггинсы для фитнеса', 'Компрессионные, влагоотводящие', 1450000000, 1800000000, 45, 'active', 4.8, 234, 780, 3400, true),
('p19', 's4', 'cat6', 'Кроссовки для бега', 'Амортизация EVA, дышащий верх', 3800000000, NULL, 20, 'active', 4.7, 167, 210, 2800, false),
('p20', 's4', 'cat6', 'Коврик для йоги 6мм', 'Нескользящий, экологичный TPE', 1200000000, 1500000000, 30, 'active', 4.9, 312, 650, 4200, true),
('p21', 's5', 'cat5', 'Постельное бельё сатин', 'Египетский хлопок 400TC, евро', 2800000000, 3500000000, 15, 'active', 4.8, 189, 240, 2100, false),
('p22', 's5', 'cat5', 'Ароматическая свеча соя', 'Ваниль и сандал, 50ч горения', 850000000, NULL, 80, 'active', 4.9, 456, 890, 5600, true),
('p23', 's5', 'cat5', 'Органайзер для кухни', 'Бамбук, 3 секции, антибактер', 1100000000, 1400000000, 25, 'active', 4.7, 123, 340, 1800, false)
ON CONFLICT DO NOTHING;

-- Reels
INSERT INTO reels (id, seller_id, product_id, video_url, title, like_count, comment_count, view_count, status) VALUES
('r1', 's1', 'p0', '', 'Новое летнее платье 🌸', 1240, 48, 12400, 'active'),
('r2', 's2', 'p9', '', 'Сыворотка меняет кожу за 7 дней ✨', 2100, 91, 21000, 'active'),
('r3', 's3', 'p14', '', 'Наушники TWS - обзор 🎧', 890, 22, 8900, 'active'),
('r4', 's4', 'p18', '', 'Утренняя тренировка в этих леггинсах 💪', 1560, 67, 15600, 'active'),
('r5', 's5', 'p22', '', 'Атмосфера дома со свечой 🕯️', 778, 33, 7800, 'active'),
('r6', 's1', 'p7', '', 'Пальто оверсайз - 5 образов 🧥', 3200, 124, 32000, 'active'),
('r7', 's2', 'p11', '', 'Макияж за 5 минут с палеткой 💄', 4500, 210, 45000, 'active'),
('r8', 's3', 'p15', '', 'Смарт-часы - всё что нужно знать ⌚', 1100, 45, 11000, 'active')
ON CONFLICT DO NOTHING;
